{
  "english": {
    "cognitive_load": {
      "mean": 15.602946542586494,
      "median": 14.705050698341818,
      "std": 5.184237996360568,
      "ci_low_95": 8.632257278898525,
      "ci_high_95": 28.187750370661323
    },
    "fatigue": {
      "mean": 25.709934362700192,
      "median": 25.80187422214329,
      "std": 3.8907584854733015,
      "ci_low_95": 19.337515416274098,
      "ci_high_95": 32.150129400588796
    },
    "shared_understanding": {
      "mean": 78.96186784024708,
      "median": 78.94737939266533,
      "std": 0.8771095558969203,
      "ci_low_95": 77.47088734866212,
      "ci_high_95": 80.37486002493293
    },
    "cumulative_tokens": {
      "mean": 5691.649593559786,
      "median": 5691.404362775538,
      "std": 352.3548080783367,
      "ci_low_95": 5125.398742252193,
      "ci_high_95": 6270.629812013618
    },
    "clarification_count": {
      "mean": 94.12093559591224,
      "median": 91.3499757039601,
      "std": 14.728556581650386,
      "ci_low_95": 74.57528055538002,
      "ci_high_95": 121.41723154406466
    },
    "correction_count": {
      "mean": 16.045848568938514,
      "median": 16.05690771764139,
      "std": 0.24348472971863305,
      "ci_low_95": 15.590249171265205,
      "ci_high_95": 16.526240491362618
    },
    "redirect_count": {
      "mean": 8.270224724089594,
      "median": 8.124876989691664,
      "std": 0.870099364691538,
      "ci_low_95": 7.100597128831426,
      "ci_high_95": 10.416251342139136
    },
    "known_defects": {
      "mean": 12.41940981913926,
      "median": 12.433099295303878,
      "std": 3.033120785932715,
      "ci_low_95": 7.488379937324551,
      "ci_high_95": 17.785960240817737
    }
  },
  "japanese": {
    "cognitive_load": {
      "mean": 5.479250567054837,
      "median": 5.1739755106871685,
      "std": 1.60312701088636,
      "ci_low_95": 3.1963948341507162,
      "ci_high_95": 8.68031179438663
    },
    "fatigue": {
      "mean": 24.528692985565893,
      "median": 24.51708078353665,
      "std": 3.4807625305248435,
      "ci_low_95": 18.617882698496512,
      "ci_high_95": 30.1075279355755
    },
    "shared_understanding": {
      "mean": 80.83127579015193,
      "median": 80.84048854764637,
      "std": 0.24545296588838764,
      "ci_low_95": 80.43054368529437,
      "ci_high_95": 81.25124402715542
    },
    "cumulative_tokens": {
      "mean": 31495.323849249235,
      "median": 31480.376700142013,
      "std": 1717.3658224410767,
      "ci_low_95": 28736.658184416785,
      "ci_high_95": 34326.70220292461
    },
    "clarification_count": {
      "mean": 41.398669191579756,
      "median": 41.02318161797177,
      "std": 3.1665584590806155,
      "ci_low_95": 36.42989832376756,
      "ci_high_95": 46.980190028134516
    },
    "correction_count": {
      "mean": 15.661867092281662,
      "median": 15.662318797206657,
      "std": 0.140615632330818,
      "ci_low_95": 15.413633113754736,
      "ci_high_95": 15.929055872801602
    },
    "redirect_count": {
      "mean": 6.574783983608361,
      "median": 6.5203888754396155,
      "std": 0.2852423675377738,
      "ci_low_95": 6.15737325666339,
      "ci_high_95": 7.168299434049688
    },
    "known_defects": {
      "mean": 11.388258721184513,
      "median": 11.231303463382101,
      "std": 2.806012333189824,
      "ci_low_95": 6.833645968917305,
      "ci_high_95": 15.890650486966662
    }
  }
}